mc	mn	quarterbeats	quarterbeats_all_endings	duration_qb	mc_onset	mn_onset	event	timesig	staff	voice	duration	gracenote	nominal_duration	scalar	chord_id	articulation	tempo	qpm	metronome_base	metronome_number	tempo_visible	slur
1	1	0	0	0.0	0	0	Tempo	3/8	1	1	0						Mesur√©	108.0			1.0	
1	1	0	0	0.0	0	0	Tempo	3/8	1	1	0						ùÖü.=58	87.0	ùÖü.	58.0	0.0	
1	1	1/4	1/4	0.25	1/16	1/16	Chord	3/8	1	1	1/16		1/16	1	0							
1	1	1/2	1/2	0.25	1/8	1/8	Chord	3/8	1	1	1/16		1/16	1	1							
1	1	3/4	3/4	0.25	3/16	3/16	Chord	3/8	1	1	1/16		1/16	1	2							
1	1	1	1	0.25	1/4	1/4	Chord	3/8	1	1	1/16		1/16	1	3							
1	1	5/4	5/4	0.25	5/16	5/16	Chord	3/8	1	1	1/16		1/16	1	4							
1	1	0	0	1.0	0	0	Chord	3/8	2	1	1/4		1/4	1	5	ornamentShortTrill						
1	1	1	1	0.5	1/4	1/4	Chord	3/8	2	1	1/8		1/8	1	6							0
2	2	3/2	3/2	0.5	0	0	Chord	3/8	1	1	1/8		1/8	1	7	articMarcatoAbove						
2	2	2	2	0.25	1/8	1/8	Chord	3/8	1	1	1/16		1/16	1	8							
2	2	9/4	9/4	0.25	3/16	3/16	Chord	3/8	1	1	1/16		1/16	1	9							
2	2	5/2	5/2	0.25	1/4	1/4	Chord	3/8	1	1	1/16		1/16	1	10							
2	2	11/4	11/4	0.25	5/16	5/16	Chord	3/8	1	1	1/16		1/16	1	11							
2	2	3/2	3/2	1.0	0	0	Chord	3/8	2	1	1/4		1/4	1	12	articMarcatoAbove						
2	2	5/2	5/2	0.5	1/4	1/4	Chord	3/8	2	1	1/8		1/8	1	13	ornamentShortTrill						1
3	3	3	3	0.0	0	0	Chord	3/8	1	1	0	appoggiatura	1/8	1	14							
3	3	3	3	0.5	0	0	Chord	3/8	1	1	1/8		1/8	1	15							
3	3	7/2	7/2	0.25	1/8	1/8	Chord	3/8	1	1	1/16		1/16	1	16							
3	3	15/4	15/4	0.25	3/16	3/16	Chord	3/8	1	1	1/16		1/16	1	17							
3	3	4	4	0.25	1/4	1/4	Chord	3/8	1	1	1/16		1/16	1	18							
3	3	17/4	17/4	0.25	5/16	5/16	Chord	3/8	1	1	1/16		1/16	1	19							
3	3	3	3	1.0	0	0	Chord	3/8	2	1	1/4		1/4	1	20	articMarcatoAbove						
3	3	4	4	0.5	1/4	1/4	Chord	3/8	2	1	1/8		1/8	1	21	ornamentShortTrill						
4	4	9/2	9/2	0.5	0	0	Chord	3/8	1	1	1/8		1/8	1	22	articMarcatoAbove						
4	4	5	5	0.5	1/8	1/8	Chord	3/8	1	1	1/8		1/8	1	23							
4	4	11/2	11/2	0.5	1/4	1/4	Chord	3/8	1	1	1/8		1/8	1	24							
4	4	9/2	9/2	1.0	0	0	Chord	3/8	1	2	1/4		1/4	1	25							
4	4	11/2	11/2	0.5	1/4	1/4	Chord	3/8	1	2	1/8		1/8	1	26							
4	4	9/2	9/2	0.25	0	0	Chord	3/8	2	1	1/16		1/16	1	27							
4	4	19/4	19/4	0.25	1/16	1/16	Chord	3/8	2	1	1/16		1/16	1	28							
4	4	5	5	0.25	1/8	1/8	Chord	3/8	2	1	1/16		1/16	1	29							
4	4	21/4	21/4	0.25	3/16	3/16	Chord	3/8	2	1	1/16		1/16	1	30							
4	4	11/2	11/2	0.5	1/4	1/4	Chord	3/8	2	1	1/8		1/8	1	31							
5	5	6	6	0.5	0	0	Chord	3/8	1	1	1/8		1/8	1	32							
5	5	13/2	13/2	0.5	1/8	1/8	Chord	3/8	1	1	1/8		1/8	1	33	articMarcatoAbove						
5	5	7	7	0.5	1/4	1/4	Chord	3/8	1	1	1/8		1/8	1	34							
5	5	6	6	0.5	0	0	Chord	3/8	1	2	1/8		1/8	1	35							
5	5	13/2	13/2	0.5	1/8	1/8	Chord	3/8	1	2	1/8		1/8	1	36							
5	5	7	7	0.5	1/4	1/4	Chord	3/8	1	2	1/8		1/8	1	37							
5	5	6	6	0.5	0	0	Chord	3/8	2	1	1/8		1/8	1	38							
5	5	13/2	13/2	0.5	1/8	1/8	Chord	3/8	2	1	1/8		1/8	1	39							
5	5	7	7	0.5	1/4	1/4	Chord	3/8	2	1	1/8		1/8	1	40							
5	5	13/2	13/2	1.0	1/8	1/8	Chord	3/8	2	2	1/4		1/4	1	41							
6	6	15/2	15/2	0.25	0	0	Chord	3/8	1	1	1/16		1/16	1	42							
6	6	31/4	31/4	0.25	1/16	1/16	Chord	3/8	1	1	1/16		1/16	1	43							
6	6	8	8	1.0	1/8	1/8	Chord	3/8	1	1	1/4		1/4	1	44							
6	6	15/2	15/2	0.25	0	0	Chord	3/8	1	2	1/16		1/16	1	45							
6	6	33/4	33/4	0.25	3/16	3/16	Chord	3/8	1	2	1/16		1/16	1	46							
6	6	17/2	17/2	0.25	1/4	1/4	Chord	3/8	1	2	1/16		1/16	1	47							
6	6	35/4	35/4	0.25	5/16	5/16	Chord	3/8	1	2	1/16		1/16	1	48							
6	6	15/2	15/2	1.0	0	0	Chord	3/8	2	1	1/4		1/4	1	49	ornamentShortTrill						
6	6	17/2	17/2	0.5	1/4	1/4	Chord	3/8	2	1	1/8		1/8	1	50							2
7	7	9	9	0.25	0	0	Chord	3/8	1	1	1/16		1/16	1	51							
7	7	37/4	37/4	0.25	1/16	1/16	Chord	3/8	1	1	1/16		1/16	1	52							
7	7	19/2	19/2	1.0	1/8	1/8	Chord	3/8	1	1	1/4		1/4	1	53							
7	7	9	9	0.5	0	0	Chord	3/8	1	2	1/8		1/8	1	54	articMarcatoBelow						
7	7	39/4	39/4	0.25	3/16	3/16	Chord	3/8	1	2	1/16		1/16	1	55							
7	7	10	10	0.25	1/4	1/4	Chord	3/8	1	2	1/16		1/16	1	56							
7	7	41/4	41/4	0.25	5/16	5/16	Chord	3/8	1	2	1/16		1/16	1	57							
7	7	9	9	1.0	0	0	Chord	3/8	2	1	1/4		1/4	1	58	articMarcatoAbove						
7	7	10	10	0.5	1/4	1/4	Chord	3/8	2	1	1/8		1/8	1	59	ornamentShortTrill						3
8	8	21/2	21/2	0.25	0	0	Chord	3/8	1	1	1/16		1/16	1	60							
8	8	43/4	43/4	0.25	1/16	1/16	Chord	3/8	1	1	1/16		1/16	1	61							
8	8	11	11	1.0	1/8	1/8	Chord	3/8	1	1	1/4		1/4	1	62							
8	8	21/2	21/2	0.5	0	0	Chord	3/8	1	2	1/8		1/8	1	63							
8	8	45/4	45/4	0.25	3/16	3/16	Chord	3/8	1	2	1/16		1/16	1	64							
8	8	23/2	23/2	0.25	1/4	1/4	Chord	3/8	1	2	1/16		1/16	1	65							
8	8	47/4	47/4	0.25	5/16	5/16	Chord	3/8	1	2	1/16		1/16	1	66							
8	8	21/2	21/2	1.0	0	0	Chord	3/8	2	1	1/4		1/4	1	67	articMarcatoAbove						
8	8	23/2	23/2	0.5	1/4	1/4	Chord	3/8	2	1	1/8		1/8	1	68	ornamentShortTrill						
9	9	12	12	0.25	0	0	Chord	3/8	1	1	1/16		1/16	1	69							
9	9	49/4	49/4	0.25	1/16	1/16	Chord	3/8	1	1	1/16		1/16	1	70							
9	9	25/2	25/2	0.75	1/8	1/8	Chord	3/8	1	1	3/16		1/8	3/2	71	articMarcatoAbove						
9	9	53/4	53/4	0.125	5/16	5/16	Chord	3/8	1	1	1/32		1/32	1	72							
9	9	107/8	107/8	0.125	11/32	11/32	Chord	3/8	1	1	1/32		1/32	1	73							
9	9	12	12	0.5	0	0	Chord	3/8	1	2	1/8		1/8	1	74							
9	9	25/2	25/2	0.75	1/8	1/8	Chord	3/8	1	2	3/16		1/8	3/2	75							
9	9	12	12	0.5	0	0	Chord	3/8	2	1	1/8		1/8	1	76							
9	9	25/2	25/2	0.5	1/8	1/8	Chord	3/8	2	1	1/8		1/8	1	77							
9	9	13	13	0.5	1/4	1/4	Chord	3/8	2	1	1/8		1/8	1	78							
9	9	25/2	25/2	1.0	1/8	1/8	Chord	3/8	2	2	1/4		1/4	1	79							
10	10	27/2	27/2	0.25	0	0	Chord	3/8	1	1	1/16		1/16	1	80							
10	10	55/4	55/4	0.25	1/16	1/16	Chord	3/8	1	1	1/16		1/16	1	81							
10	10	14	14	0.25	1/8	1/8	Chord	3/8	1	1	1/16		1/16	1	82	ornamentShortTrill						
10	10	57/4	57/4	0.25	3/16	3/16	Chord	3/8	1	1	1/16		1/16	1	83							
10	10	29/2	29/2	0.5	1/4	1/4	Chord	3/8	1	1	1/8		1/8	1	84							
10	10	14	14	1.0	1/8	1/8	Chord	3/8	1	2	1/4		1/4	1	85							
10	10	27/2	27/2	1.0	0	0	Chord	3/8	2	1	1/4		1/4	1	86							
10	10	59/4	59/4	0.25	5/16	5/16	Chord	3/8	2	1	1/16		1/16	1	87							
11	11	15	15	0.25	0	0	Chord	3/8	1	1	1/16		1/16	1	88							
11	11	61/4	61/4	0.25	1/16	1/16	Chord	3/8	1	1	1/16		1/16	1	89							
11	11	31/2	31/2	0.25	1/8	1/8	Chord	3/8	1	1	1/16		1/16	1	90							
11	11	63/4	63/4	0.25	3/16	3/16	Chord	3/8	1	1	1/16		1/16	1	91							
11	11	16	16	0.25	1/4	1/4	Chord	3/8	1	1	1/16		1/16	1	92	articMarcatoAbove						
11	11	65/4	65/4	0.25	5/16	5/16	Chord	3/8	1	1	1/16		1/16	1	93							
11	11	15	15	0.25	0	0	Chord	3/8	1	2	1/16		1/16	1	94							
11	11	15	15	1.0	0	0	Chord	3/8	2	1	1/4		1/4	1	95	articMarcatoAbove						
11	11	16	16	0.5	1/4	1/4	Chord	3/8	2	1	1/8		1/8	1	96							
12	12	33/2	33/2	0.25	0	0	Chord	3/8	1	1	1/16		1/16	1	97							
12	12	67/4	67/4	0.25	1/16	1/16	Chord	3/8	1	1	1/16		1/16	1	98							
12	12	17	17	0.25	1/8	1/8	Chord	3/8	1	1	1/16		1/16	1	99	ornamentShortTrill						
12	12	69/4	69/4	0.25	3/16	3/16	Chord	3/8	1	1	1/16		1/16	1	100							
12	12	35/2	35/2	0.5	1/4	1/4	Chord	3/8	1	1	1/8		1/8	1	101							
12	12	17	17	1.0	1/8	1/8	Chord	3/8	1	2	1/4		1/4	1	102							
12	12	33/2	33/2	1.0	0	0	Chord	3/8	2	1	1/4		1/4	1	103							
12	12	71/4	71/4	0.25	5/16	5/16	Chord	3/8	2	1	1/16		1/16	1	104							4
13	13	18	18	0.25	0	0	Chord	3/8	1	1	1/16		1/16	1	105							
13	13	73/4	73/4	0.25	1/16	1/16	Chord	3/8	1	1	1/16		1/16	1	106							
13	13	37/2	37/2	0.25	1/8	1/8	Chord	3/8	1	1	1/16		1/16	1	107							
13	13	75/4	75/4	0.25	3/16	3/16	Chord	3/8	1	1	1/16		1/16	1	108							
13	13	19	19	0.25	1/4	1/4	Chord	3/8	1	1	1/16		1/16	1	109	articMarcatoAbove						
13	13	77/4	77/4	0.25	5/16	5/16	Chord	3/8	1	1	1/16		1/16	1	110							
13	13	18	18	0.25	0	0	Chord	3/8	1	2	1/16		1/16	1	111							
13	13	18	18	1.0	0	0	Chord	3/8	2	1	1/4		1/4	1	112	articMarcatoAbove						
13	13	19	19	0.5	1/4	1/4	Chord	3/8	2	1	1/8		1/8	1	113							
14	14	39/2	39/2	0.25	0	0	Chord	3/8	1	1	1/16		1/16	1	114							
14	14	79/4	79/4	0.25	1/16	1/16	Chord	3/8	1	1	1/16		1/16	1	115							
14	14	20	20	0.75	1/8	1/8	Chord	3/8	1	1	3/16		1/8	3/2	116	ornamentShortTrill						
14	14	83/4	83/4	0.25	5/16	5/16	Chord	3/8	1	1	1/16		1/16	1	117							5
14	14	39/2	39/2	0.75	0	0	Chord	3/8	2	1	3/16		1/8	3/2	118							
14	14	81/4	81/4	0.25	3/16	3/16	Chord	3/8	2	1	1/16		1/16	1	119							
14	14	41/2	41/2	0.5	1/4	1/4	Chord	3/8	2	1	1/8		1/8	1	120	ornamentShortTrill						
15	15	21	21	0.75	0	0	Chord	3/8	1	1	3/16		1/8	3/2	121							
15	15	87/4	87/4	0.25	3/16	3/16	Chord	3/8	1	1	1/16		1/16	1	122							
15	15	22	22	0.5	1/4	1/4	Chord	3/8	1	1	1/8		1/8	1	123	ornamentShortTrill						
15	15	21	21	0.25	0	0	Chord	3/8	2	1	1/16		1/16	1	124							
15	15	85/4	85/4	0.25	1/16	1/16	Chord	3/8	2	1	1/16		1/16	1	125							
15	15	43/2	43/2	0.75	1/8	1/8	Chord	3/8	2	1	3/16		1/8	3/2	126							
15	15	89/4	89/4	0.25	5/16	5/16	Chord	3/8	2	1	1/16		1/16	1	127							
16	16	45/2	45/2	0.25	0	0	Chord	3/8	1	1	1/16		1/16	1	128							
16	16	91/4	91/4	0.25	1/16	1/16	Chord	3/8	1	1	1/16		1/16	1	129							6
16	16	23	23	0.75	1/8	1/8	Chord	3/8	1	1	3/16		1/8	3/2	130							
16	16	95/4	95/4	0.25	5/16	5/16	Chord	3/8	1	1	1/16		1/16	1	131							
16	16	45/2	45/2	0.75	0	0	Chord	3/8	2	1	3/16		1/8	3/2	132	ornamentShortTrill						
16	16	93/4	93/4	0.25	3/16	3/16	Chord	3/8	2	1	1/16		1/16	1	133							
16	16	47/2	47/2	0.5	1/4	1/4	Chord	3/8	2	1	1/8		1/8	1	134							
17	17	24	24	0.75	0	0	Chord	3/8	1	1	3/16		1/8	3/2	135	ornamentShortTrill						
17	17	99/4	99/4	0.25	3/16	3/16	Chord	3/8	1	1	1/16		1/16	1	136							7
17	17	25	25	0.5	1/4	1/4	Chord	3/8	1	1	1/8		1/8	1	137							
17	17	24	24	0.25	0	0	Chord	3/8	2	1	1/16		1/16	1	138							
17	17	97/4	97/4	0.25	1/16	1/16	Chord	3/8	2	1	1/16		1/16	1	139							
17	17	49/2	49/2	0.75	1/8	1/8	Chord	3/8	2	1	3/16		1/8	3/2	140	ornamentShortTrill						
17	17	101/4	101/4	0.25	5/16	5/16	Chord	3/8	2	1	1/16		1/16	1	141							
18	18	51/2	51/2	0.25	0	0	Chord	3/8	1	1	1/16		1/16	1	142							
18	18	103/4	103/4	0.25	1/16	1/16	Chord	3/8	1	1	1/16		1/16	1	143							
18	18	26	26	0.75	1/8	1/8	Chord	3/8	1	1	3/16		1/8	3/2	144	ornamentShortTrill						
18	18	107/4	107/4	0.25	5/16	5/16	Chord	3/8	1	1	1/16		1/16	1	145							8
18	18	51/2	51/2	0.75	0	0	Chord	3/8	2	1	3/16		1/8	3/2	146							
18	18	105/4	105/4	0.25	3/16	3/16	Chord	3/8	2	1	1/16		1/16	1	147							
18	18	53/2	53/2	0.5	1/4	1/4	Chord	3/8	2	1	1/8		1/8	1	148	ornamentShortTrill						
19	19	27	27	0.75	0	0	Chord	3/8	1	1	3/16		1/8	3/2	149							
19	19	111/4	111/4	0.25	3/16	3/16	Chord	3/8	1	1	1/16		1/16	1	150							
19	19	28	28	0.25	1/4	1/4	Chord	3/8	1	1	1/16		1/16	1	151							
19	19	113/4	113/4	0.25	5/16	5/16	Chord	3/8	1	1	1/16		1/16	1	152							
19	19	27	27	0.25	0	0	Chord	3/8	2	1	1/16		1/16	1	153							
19	19	109/4	109/4	0.25	1/16	1/16	Chord	3/8	2	1	1/16		1/16	1	154							
19	19	55/2	55/2	0.25	1/8	1/8	Chord	3/8	2	1	1/16		1/16	1	155							
19	19	111/4	111/4	0.25	3/16	3/16	Chord	3/8	2	1	1/16		1/16	1	156							
19	19	28	28	0.25	1/4	1/4	Chord	3/8	2	1	1/16		1/16	1	157							
19	19	113/4	113/4	0.25	5/16	5/16	Chord	3/8	2	1	1/16		1/16	1	158							
20	20	57/2	57/2	0.25	0	0	Chord	3/8	1	1	1/16		1/16	1	159							
20	20	115/4	115/4	0.25	1/16	1/16	Chord	3/8	1	1	1/16		1/16	1	160							
20	20	29	29	0.25	1/8	1/8	Chord	3/8	1	1	1/16		1/16	1	161							
20	20	117/4	117/4	0.25	3/16	3/16	Chord	3/8	1	1	1/16		1/16	1	162							
20	20	59/2	59/2	0.25	1/4	1/4	Chord	3/8	1	1	1/16		1/16	1	163							
20	20	119/4	119/4	0.25	5/16	5/16	Chord	3/8	1	1	1/16		1/16	1	164							
20	20	57/2	57/2	0.25	0	0	Chord	3/8	2	1	1/16		1/16	1	165							
20	20	115/4	115/4	0.25	1/16	1/16	Chord	3/8	2	1	1/16		1/16	1	166							
20	20	29	29	0.25	1/8	1/8	Chord	3/8	2	1	1/16		1/16	1	167							
20	20	117/4	117/4	0.25	3/16	3/16	Chord	3/8	2	1	1/16		1/16	1	168							
20	20	59/2	59/2	0.25	1/4	1/4	Chord	3/8	2	1	1/16		1/16	1	169							
20	20	119/4	119/4	0.25	5/16	5/16	Chord	3/8	2	1	1/16		1/16	1	170							
21	21	30	30	0.25	0	0	Chord	3/8	1	1	1/16		1/16	1	171							9
21	21	121/4	121/4	0.25	1/16	1/16	Chord	3/8	1	1	1/16		1/16	1	172							
21	21	61/2	61/2	0.25	1/8	1/8	Chord	3/8	1	1	1/16		1/16	1	173							10
21	21	123/4	123/4	0.25	3/16	3/16	Chord	3/8	1	1	1/16		1/16	1	174							
21	21	31	31	0.25	1/4	1/4	Chord	3/8	1	1	1/16		1/16	1	175							11
21	21	125/4	125/4	0.25	5/16	5/16	Chord	3/8	1	1	1/16		1/16	1	176							
21	21	30	30	0.25	0	0	Chord	3/8	2	1	1/16		1/16	1	177							
21	21	121/4	121/4	0.25	1/16	1/16	Chord	3/8	2	1	1/16		1/16	1	178							
21	21	61/2	61/2	0.5	1/8	1/8	Chord	3/8	2	1	1/8		1/8	1	179							
21	21	31	31	0.5	1/4	1/4	Chord	3/8	2	1	1/8		1/8	1	180							
21	21	61/2	61/2	1.0	1/8	1/8	Chord	3/8	2	2	1/4		1/4	1	181							
22	22	63/2	63/2	0.0	0	0	Chord	3/8	1	1	0	appoggiatura	1/8	1	182							
22	22	63/2	63/2	0.25	0	0	Chord	3/8	1	1	1/16		1/16	1	183							
22	22	127/4	127/4	0.25	1/16	1/16	Chord	3/8	1	1	1/16		1/16	1	184							
22	22	32	32	0.25	1/8	1/8	Chord	3/8	1	1	1/16		1/16	1	185	ornamentShortTrill						
22	22	129/4	129/4	0.25	3/16	3/16	Chord	3/8	1	1	1/16		1/16	1	186							
22	22	65/2	65/2	0.25	1/4	1/4	Chord	3/8	1	1	1/16		1/16	1	187							
22	22	131/4	131/4	0.25	5/16	5/16	Chord	3/8	1	1	1/16		1/16	1	188							
22	22	65/2	65/2	0.5	1/4	1/4	Chord	3/8	1	2	1/8		1/8	1	189							
22	22	63/2	63/2	1.0	0	0	Chord	3/8	2	1	1/4		1/4	1	190							
22	22	65/2	65/2	0.5	1/4	1/4	Chord	3/8	2	1	1/8		1/8	1	191							
23	23	33	33	1.0	0	0	Chord	3/8	1	1	1/4		1/4	1	192	articMarcatoAbove						
23	23	34	34	0.5	1/4	1/4	Chord	3/8	1	1	1/8		1/8	1	193	ornamentShortTrill						
23	23	33	33	1.0	0	0	Chord	3/8	1	2	1/4		1/4	1	194							
23	23	33	33	0.25	0	0	Chord	3/8	2	1	1/16		1/16	1	195							
23	23	133/4	133/4	0.25	1/16	1/16	Chord	3/8	2	1	1/16		1/16	1	196							
23	23	67/2	67/2	0.25	1/8	1/8	Chord	3/8	2	1	1/16		1/16	1	197							
23	23	135/4	135/4	0.25	3/16	3/16	Chord	3/8	2	1	1/16		1/16	1	198							
23	23	34	34	0.25	1/4	1/4	Chord	3/8	2	1	1/16		1/16	1	199							
23	23	137/4	137/4	0.25	5/16	5/16	Chord	3/8	2	1	1/16		1/16	1	200							
24	24	69/2	69/2	0.25	0	0	Chord	3/8	1	1	1/16		1/16	1	201							
24	24	139/4	139/4	0.25	1/16	1/16	Chord	3/8	1	1	1/16		1/16	1	202							
24	24	35	35	0.25	1/8	1/8	Chord	3/8	1	1	1/16		1/16	1	203							
24	24	141/4	141/4	0.25	3/16	3/16	Chord	3/8	1	1	1/16		1/16	1	204							
24	24	71/2	71/2	0.25	1/4	1/4	Chord	3/8	1	1	1/16		1/16	1	205							
24	24	143/4	143/4	0.25	5/16	5/16	Chord	3/8	1	1	1/16		1/16	1	206							
24	24	69/2	69/2	0.5	0	0	Chord	3/8	2	1	1/8		1/8	1	207							
24	24	35	35	0.25	1/8	1/8	Chord	3/8	2	1	1/16		1/16	1	208							
24	24	141/4	141/4	0.25	3/16	3/16	Chord	3/8	2	1	1/16		1/16	1	209							
24	24	71/2	71/2	0.25	1/4	1/4	Chord	3/8	2	1	1/16		1/16	1	210							
24	24	143/4	143/4	0.25	5/16	5/16	Chord	3/8	2	1	1/16		1/16	1	211							
25	25	36	36	0.25	0	0	Chord	3/8	1	1	1/16		1/16	1	212	articMarcatoAbove						
25	25	145/4	145/4	0.25	1/16	1/16	Chord	3/8	1	1	1/16		1/16	1	213							
25	25	73/2	73/2	1.0	1/8	1/8	Chord	3/8	1	1	1/4		1/4	1	214							
25	25	36	36	1.0	0	0	Chord	3/8	1	2	1/4		1/4	1	215							
25	25	37	37	0.25	1/4	1/4	Chord	3/8	1	2	1/16		1/16	1	216							
25	25	149/4	149/4	0.25	5/16	5/16	Chord	3/8	1	2	1/16		1/16	1	217							
25	25	36	36	0.75	0	0	Chord	3/8	2	1	3/16		1/8	3/2	218							
25	25	147/4	147/4	0.25	3/16	3/16	Chord	3/8	2	1	1/16		1/16	1	219							
25	25	37	37	0.5	1/4	1/4	Chord	3/8	2	1	1/8		1/8	1	220							
26	26	75/2	75/2	1.0	0	0	Chord	3/8	1	1	1/4		1/4	1	221							
26	26	77/2	77/2	0.25	1/4	1/4	Chord	3/8	1	1	1/16		1/16	1	222							
26	26	155/4	155/4	0.25	5/16	5/16	Chord	3/8	1	1	1/16		1/16	1	223							
26	26	75/2	75/2	0.75	0	0	Chord	3/8	1	2	3/16		1/8	3/2	224							
26	26	153/4	153/4	0.25	3/16	3/16	Chord	3/8	1	2	1/16		1/16	1	225							
26	26	77/2	77/2	0.5	1/4	1/4	Chord	3/8	1	2	1/8		1/8	1	226							
26	26	75/2	75/2	0.25	0	0	Chord	3/8	2	1	1/16		1/16	1	227							
26	26	151/4	151/4	0.25	1/16	1/16	Chord	3/8	2	1	1/16		1/16	1	228							
26	26	38	38	1.0	1/8	1/8	Chord	3/8	2	1	1/4		1/4	1	229	ornamentShortTrill						
27	27	39	39	0.75	0	0	Chord	3/8	1	1	3/16		1/8	3/2	230							
27	27	159/4	159/4	0.25	3/16	3/16	Chord	3/8	1	1	1/16		1/16	1	231							
27	27	40	40	0.5	1/4	1/4	Chord	3/8	1	1	1/8		1/8	1	232							
27	27	39	39	1.0	0	0	Chord	3/8	1	2	1/4		1/4	1	233							
27	27	40	40	0.25	1/4	1/4	Chord	3/8	1	2	1/16		1/16	1	234							
27	27	161/4	161/4	0.25	5/16	5/16	Chord	3/8	1	2	1/16		1/16	1	235							
27	27	39	39	0.25	0	0	Chord	3/8	2	1	1/16		1/16	1	236							
27	27	157/4	157/4	0.25	1/16	1/16	Chord	3/8	2	1	1/16		1/16	1	237							
27	27	79/2	79/2	1.0	1/8	1/8	Chord	3/8	2	1	1/4		1/4	1	238							
28	28	81/2	81/2	1.0	0	0	Chord	3/8	1	1	1/4		1/4	1	239							
28	28	83/2	83/2	0.25	1/4	1/4	Chord	3/8	1	1	1/16		1/16	1	240							
28	28	167/4	167/4	0.25	5/16	5/16	Chord	3/8	1	1	1/16		1/16	1	241							
28	28	81/2	81/2	0.75	0	0	Chord	3/8	1	2	3/16		1/8	3/2	242							
28	28	165/4	165/4	0.25	3/16	3/16	Chord	3/8	1	2	1/16		1/16	1	243							
28	28	83/2	83/2	0.5	1/4	1/4	Chord	3/8	1	2	1/8		1/8	1	244							
28	28	81/2	81/2	0.25	0	0	Chord	3/8	2	1	1/16		1/16	1	245							
28	28	163/4	163/4	0.25	1/16	1/16	Chord	3/8	2	1	1/16		1/16	1	246							
28	28	41	41	1.0	1/8	1/8	Chord	3/8	2	1	1/4		1/4	1	247	ornamentShortTrill						
29	29	42	42	0.75	0	0	Chord	3/8	1	1	3/16		1/8	3/2	248							
29	29	171/4	171/4	0.25	3/16	3/16	Chord	3/8	1	1	1/16		1/16	1	249							
29	29	43	43	0.5	1/4	1/4	Chord	3/8	1	1	1/8		1/8	1	250							
29	29	42	42	1.0	0	0	Chord	3/8	1	2	1/4		1/4	1	251							
29	29	43	43	0.25	1/4	1/4	Chord	3/8	1	2	1/16		1/16	1	252							
29	29	173/4	173/4	0.25	5/16	5/16	Chord	3/8	1	2	1/16		1/16	1	253							
29	29	42	42	0.25	0	0	Chord	3/8	2	1	1/16		1/16	1	254							
29	29	169/4	169/4	0.25	1/16	1/16	Chord	3/8	2	1	1/16		1/16	1	255							
29	29	85/2	85/2	1.0	1/8	1/8	Chord	3/8	2	1	1/4		1/4	1	256							
30	30	87/2	87/2	1.0	0	0	Chord	3/8	1	1	1/4		1/4	1	257							
30	30	89/2	89/2	0.25	1/4	1/4	Chord	3/8	1	1	1/16		1/16	1	258							
30	30	179/4	179/4	0.25	5/16	5/16	Chord	3/8	1	1	1/16		1/16	1	259							
30	30	87/2	87/2	0.75	0	0	Chord	3/8	1	2	3/16		1/8	3/2	260							
30	30	177/4	177/4	0.25	3/16	3/16	Chord	3/8	1	2	1/16		1/16	1	261							
30	30	89/2	89/2	0.5	1/4	1/4	Chord	3/8	1	2	1/8		1/8	1	262							
30	30	87/2	87/2	0.25	0	0	Chord	3/8	2	1	1/16		1/16	1	263							
30	30	175/4	175/4	0.25	1/16	1/16	Chord	3/8	2	1	1/16		1/16	1	264							
30	30	44	44	1.0	1/8	1/8	Chord	3/8	2	1	1/4		1/4	1	265	ornamentShortTrill						
31	31	45	45	0.75	0	0	Chord	3/8	1	1	3/16		1/8	3/2	266							
31	31	183/4	183/4	0.25	3/16	3/16	Chord	3/8	1	1	1/16		1/16	1	267							
31	31	46	46	0.5	1/4	1/4	Chord	3/8	1	1	1/8		1/8	1	268							
31	31	45	45	1.0	0	0	Chord	3/8	1	2	1/4		1/4	1	269							
31	31	46	46	0.25	1/4	1/4	Chord	3/8	1	2	1/16		1/16	1	270							
31	31	185/4	185/4	0.25	5/16	5/16	Chord	3/8	1	2	1/16		1/16	1	271							
31	31	45	45	0.25	0	0	Chord	3/8	2	1	1/16		1/16	1	272							
31	31	181/4	181/4	0.25	1/16	1/16	Chord	3/8	2	1	1/16		1/16	1	273							
31	31	91/2	91/2	1.0	1/8	1/8	Chord	3/8	2	1	1/4		1/4	1	274							
32	32	93/2	93/2	0.25	0	0	Chord	3/8	1	1	1/16		1/16	1	275							
32	32	187/4	187/4	0.25	1/16	1/16	Chord	3/8	1	1	1/16		1/16	1	276							
32	32	47	47	0.75	1/8	1/8	Chord	3/8	1	1	3/16		1/8	3/2	277							
32	32	191/4	191/4	0.25	5/16	5/16	Chord	3/8	1	1	1/16		1/16	1	278							
32	32	93/2	93/2	0.75	0	0	Chord	3/8	1	2	3/16		1/8	3/2	279							
32	32	189/4	189/4	0.25	3/16	3/16	Chord	3/8	1	2	1/16		1/16	1	280							
32	32	95/2	95/2	0.5	1/4	1/4	Chord	3/8	1	2	1/8		1/8	1	281							
32	32	93/2	93/2	1.0	0	0	Chord	3/8	2	1	1/4		1/4	1	282							
32	32	95/2	95/2	0.5	1/4	1/4	Chord	3/8	2	1	1/8		1/8	1	283							
33	33	48	48	0.25	0	0	Chord	3/8	1	1	1/16		1/16	1	284							
33	33	193/4	193/4	0.25	1/16	1/16	Chord	3/8	1	1	1/16		1/16	1	285							
33	33	97/2	97/2	0.75	1/8	1/8	Chord	3/8	1	1	3/16		1/8	3/2	286	articMarcatoAbove						
33	33	197/4	197/4	0.125	5/16	5/16	Chord	3/8	1	1	1/32		1/32	1	287							
33	33	395/8	395/8	0.125	11/32	11/32	Chord	3/8	1	1	1/32		1/32	1	288							
33	33	48	48	0.5	0	0	Chord	3/8	1	2	1/8		1/8	1	289							
33	33	97/2	97/2	0.75	1/8	1/8	Chord	3/8	1	2	3/16		1/8	3/2	290							
33	33	48	48	0.5	0	0	Chord	3/8	2	1	1/8		1/8	1	291							
33	33	97/2	97/2	0.5	1/8	1/8	Chord	3/8	2	1	1/8		1/8	1	292							
33	33	49	49	0.5	1/4	1/4	Chord	3/8	2	1	1/8		1/8	1	293							
33	33	97/2	97/2	1.0	1/8	1/8	Chord	3/8	2	2	1/4		1/4	1	294							
34	34	99/2	99/2	1.5	0	0	Chord	3/8	1	1	3/8		1/4	3/2	295							
34	34	99/2	99/2	0.25	0	0	Chord	3/8	2	1	1/16		1/16	1	296							
34	34	199/4	199/4	0.25	1/16	1/16	Chord	3/8	2	1	1/16		1/16	1	297							
34	34	50	50	0.25	1/8	1/8	Chord	3/8	2	1	1/16		1/16	1	298							
34	34	201/4	201/4	0.25	3/16	3/16	Chord	3/8	2	1	1/16		1/16	1	299							
34	34	101/2	101/2	0.25	1/4	1/4	Chord	3/8	2	1	1/16		1/16	1	300	articMarcatoAbove						
34	34	203/4	203/4	0.25	5/16	5/16	Chord	3/8	2	1	1/16		1/16	1	301							
35	35	205/4	205/4	0.25	1/16	1/16	Chord	3/8	1	1	1/16		1/16	1	302							
35	35	103/2	103/2	0.25	1/8	1/8	Chord	3/8	1	1	1/16		1/16	1	303							
35	35	207/4	207/4	0.25	3/16	3/16	Chord	3/8	1	1	1/16		1/16	1	304							
35	35	52	52	0.25	1/4	1/4	Chord	3/8	1	1	1/16		1/16	1	305	articMarcatoAbove						
35	35	209/4	209/4	0.25	5/16	5/16	Chord	3/8	1	1	1/16		1/16	1	306							
35	35	103/2	103/2	0.5	1/8	1/8	Chord	3/8	2	1	1/8		1/8	1	307							
35	35	52	52	0.5	1/4	1/4	Chord	3/8	2	1	1/8		1/8	1	308							
35	35	51	51	1.5	0	0	Chord	3/8	2	2	3/8		1/4	3/2	309							
36	36	105/2	105/2	0.25	0	0	Chord	3/8	1	1	1/16		1/16	1	310							
36	36	211/4	211/4	0.25	1/16	1/16	Chord	3/8	1	1	1/16		1/16	1	311							
36	36	53	53	1.0	1/8	1/8	Chord	3/8	1	1	1/4		1/4	1	312							
36	36	53	53	1.0	1/8	1/8	Chord	3/8	1	2	1/4		1/4	1	313							
36	36	105/2	105/2	0.5	0	0	Chord	3/8	2	1	1/8		1/8	1	314							
36	36	105/2	105/2	0.75	0	0	Chord	3/8	2	2	3/16		1/8	3/2	315							
36	36	213/4	213/4	0.25	3/16	3/16	Chord	3/8	2	2	1/16		1/16	1	316							
36	36	107/2	107/2	0.25	1/4	1/4	Chord	3/8	2	2	1/16		1/16	1	317	articMarcatoAbove						
36	36	215/4	215/4	0.25	5/16	5/16	Chord	3/8	2	2	1/16		1/16	1	318							
37	37	54	54	1.0	0	0	Chord	3/8	1	1	1/4		1/4	1	319							
37	37	55	55	0.25	1/4	1/4	Chord	3/8	1	1	1/16		1/16	1	320							
37	37	221/4	221/4	0.25	5/16	5/16	Chord	3/8	1	1	1/16		1/16	1	321							
37	37	54	54	0.5	0	0	Chord	3/8	1	2	1/8		1/8	1	322							
37	37	109/2	109/2	0.5	1/8	1/8	Chord	3/8	1	2	1/8		1/8	1	323							
37	37	55	55	0.5	1/4	1/4	Chord	3/8	1	2	1/8		1/8	1	324							
37	37	54	54	0.25	0	0	Chord	3/8	2	1	1/16		1/16	1	325							
37	37	217/4	217/4	0.25	1/16	1/16	Chord	3/8	2	1	1/16		1/16	1	326							
37	37	109/2	109/2	0.25	1/8	1/8	Chord	3/8	2	1	1/16		1/16	1	327							
37	37	219/4	219/4	0.25	3/16	3/16	Chord	3/8	2	1	1/16		1/16	1	328							
37	37	55	55	0.5	1/4	1/4	Chord	3/8	2	1	1/8		1/8	1	329							
38	38	111/2	111/2	0.25	0	0	Chord	3/8	1	1	1/16		1/16	1	330							
38	38	223/4	223/4	0.25	1/16	1/16	Chord	3/8	1	1	1/16		1/16	1	331							
38	38	56	56	0.25	1/8	1/8	Chord	3/8	1	1	1/16		1/16	1	332	ornamentShortTrill						
38	38	225/4	225/4	0.25	3/16	3/16	Chord	3/8	1	1	1/16		1/16	1	333							
38	38	113/2	113/2	0.5	1/4	1/4	Chord	3/8	1	1	1/8		1/8	1	334							
38	38	111/2	111/2	0.25	0	0	Chord	3/8	1	2	1/16		1/16	1	335							
38	38	113/2	113/2	0.25	1/4	1/4	Chord	3/8	1	2	1/16		1/16	1	336							
38	38	227/4	227/4	0.25	5/16	5/16	Chord	3/8	1	2	1/16		1/16	1	337							
38	38	113/2	113/2	0.5	1/4	1/4	Chord	3/8	2	1	1/8		1/8	1	338							
38	38	111/2	111/2	1.5	0	0	Chord	3/8	2	2	3/8		1/4	3/2	339							
39	39	57	57	1.0	0	0	Chord	3/8	1	1	1/4		1/4	1	340							
39	39	58	58	0.5	1/4	1/4	Chord	3/8	1	1	1/8		1/8	1	341							
39	39	57	57	1.5	0	0	Chord	3/8	1	2	3/8		1/4	3/2	342	ornamentShortTrill						
39	39	57	57	0.25	0	0	Chord	3/8	2	1	1/16		1/16	1	343							
39	39	229/4	229/4	0.25	1/16	1/16	Chord	3/8	2	1	1/16		1/16	1	344							
39	39	115/2	115/2	0.25	1/8	1/8	Chord	3/8	2	1	1/16		1/16	1	345							
39	39	231/4	231/4	0.25	3/16	3/16	Chord	3/8	2	1	1/16		1/16	1	346							
39	39	58	58	0.25	1/4	1/4	Chord	3/8	2	1	1/16		1/16	1	347							
39	39	233/4	233/4	0.25	5/16	5/16	Chord	3/8	2	1	1/16		1/16	1	348							
40	40	117/2	117/2	0.25	0	0	Chord	3/8	1	1	1/16		1/16	1	349							
40	40	235/4	235/4	0.25	1/16	1/16	Chord	3/8	1	1	1/16		1/16	1	350							
40	40	59	59	0.75	1/8	1/8	Chord	3/8	1	1	3/16		1/8	3/2	351							
40	40	239/4	239/4	0.25	5/16	5/16	Chord	3/8	1	1	1/16		1/16	1	352							
40	40	117/2	117/2	0.75	0	0	Chord	3/8	1	2	3/16		1/8	3/2	353							
40	40	237/4	237/4	0.25	3/16	3/16	Chord	3/8	1	2	1/16		1/16	1	354							
40	40	119/2	119/2	0.5	1/4	1/4	Chord	3/8	1	2	1/8		1/8	1	355							
40	40	117/2	117/2	0.5	0	0	Chord	3/8	2	1	1/8		1/8	1	356							
40	40	59	59	0.5	1/8	1/8	Chord	3/8	2	1	1/8		1/8	1	357							
40	40	119/2	119/2	0.5	1/4	1/4	Chord	3/8	2	1	1/8		1/8	1	358							
41	41	60	60	0.75	0	0	Chord	3/8	1	1	3/16		1/8	3/2	359							
41	41	243/4	243/4	0.25	3/16	3/16	Chord	3/8	1	1	1/16		1/16	1	360							
41	41	61	61	0.5	1/4	1/4	Chord	3/8	1	1	1/8		1/8	1	361							
41	41	60	60	0.25	0	0	Chord	3/8	1	2	1/16		1/16	1	362							
41	41	241/4	241/4	0.25	1/16	1/16	Chord	3/8	1	2	1/16		1/16	1	363							
41	41	121/2	121/2	0.75	1/8	1/8	Chord	3/8	1	2	3/16		1/8	3/2	364							
41	41	245/4	245/4	0.25	5/16	5/16	Chord	3/8	1	2	1/16		1/16	1	365							
41	41	60	60	0.5	0	0	Chord	3/8	2	1	1/8		1/8	1	366							
41	41	121/2	121/2	0.5	1/8	1/8	Chord	3/8	2	1	1/8		1/8	1	367							
41	41	61	61	0.5	1/4	1/4	Chord	3/8	2	1	1/8		1/8	1	368							
42	42	123/2	123/2	0.25	0	0	Chord	3/8	1	1	1/16		1/16	1	369							
42	42	247/4	247/4	0.25	1/16	1/16	Chord	3/8	1	1	1/16		1/16	1	370							
42	42	62	62	0.75	1/8	1/8	Chord	3/8	1	1	3/16		1/8	3/2	371							
42	42	251/4	251/4	0.25	5/16	5/16	Chord	3/8	1	1	1/16		1/16	1	372							
42	42	123/2	123/2	0.75	0	0	Chord	3/8	1	2	3/16		1/8	3/2	373							
42	42	249/4	249/4	0.25	3/16	3/16	Chord	3/8	1	2	1/16		1/16	1	374							
42	42	125/2	125/2	0.5	1/4	1/4	Chord	3/8	1	2	1/8		1/8	1	375							
42	42	123/2	123/2	0.5	0	0	Chord	3/8	2	1	1/8		1/8	1	376							
42	42	62	62	0.5	1/8	1/8	Chord	3/8	2	1	1/8		1/8	1	377							
42	42	125/2	125/2	0.5	1/4	1/4	Chord	3/8	2	1	1/8		1/8	1	378							
43	43	63	63	0.5	0	0	Chord	3/8	1	1	1/8		1/8	1	379							
43	43	127/2	127/2	0.5	1/8	1/8	Chord	3/8	1	1	1/8		1/8	1	380							
43	43	64	64	0.5	1/4	1/4	Chord	3/8	1	1	1/8		1/8	1	381							
43	43	63	63	0.25	0	0	Chord	3/8	1	2	1/16		1/16	1	382							
43	43	253/4	253/4	0.25	1/16	1/16	Chord	3/8	1	2	1/16		1/16	1	383							
43	43	127/2	127/2	0.5	1/8	1/8	Chord	3/8	1	2	1/8		1/8	1	384							
43	43	64	64	0.5	1/4	1/4	Chord	3/8	1	2	1/8		1/8	1	385							
43	43	63	63	0.5	0	0	Chord	3/8	2	1	1/8		1/8	1	386							
43	43	127/2	127/2	0.5	1/8	1/8	Chord	3/8	2	1	1/8		1/8	1	387							
43	43	64	64	0.5	1/4	1/4	Chord	3/8	2	1	1/8		1/8	1	388							
44	44	129/2	129/2	0.25	0	0	Chord	3/8	1	1	1/16		1/16	1	389							
44	44	259/4	259/4	0.25	1/16	1/16	Chord	3/8	1	1	1/16		1/16	1	390							
44	44	65	65	0.25	1/8	1/8	Chord	3/8	1	1	1/16		1/16	1	391	ornamentShortTrill						
44	44	261/4	261/4	0.25	3/16	3/16	Chord	3/8	1	1	1/16		1/16	1	392							
44	44	131/2	131/2	0.5	1/4	1/4	Chord	3/8	1	1	1/8		1/8	1	393							
44	44	129/2	129/2	0.25	0	0	Chord	3/8	1	2	1/16		1/16	1	394							
44	44	263/4	263/4	0.25	5/16	5/16	Chord	3/8	1	2	1/16		1/16	1	395							
44	44	129/2	129/2	1.0	0	0	Chord	3/8	2	1	1/4		1/4	1	396							
44	44	131/2	131/2	0.5	1/4	1/4	Chord	3/8	2	1	1/8		1/8	1	397							
45	45	66	66	1.0	0	0	Chord	3/8	1	1	1/4		1/4	1	398							
45	45	67	67	0.25	1/4	1/4	Chord	3/8	1	1	1/16		1/16	1	399							
45	45	269/4	269/4	0.25	5/16	5/16	Chord	3/8	1	1	1/16		1/16	1	400							
45	45	66	66	0.75	0	0	Chord	3/8	1	2	3/16		1/8	3/2	401							
45	45	267/4	267/4	0.25	3/16	3/16	Chord	3/8	1	2	1/16		1/16	1	402							
45	45	67	67	0.5	1/4	1/4	Chord	3/8	1	2	1/8		1/8	1	403							
45	45	66	66	0.25	0	0	Chord	3/8	2	1	1/16		1/16	1	404							
45	45	265/4	265/4	0.25	1/16	1/16	Chord	3/8	2	1	1/16		1/16	1	405							
45	45	133/2	133/2	1.0	1/8	1/8	Chord	3/8	2	1	1/4		1/4	1	406	ornamentShortTrill						
46	46	135/2	135/2	0.75	0	0	Chord	3/8	1	1	3/16		1/8	3/2	407							
46	46	273/4	273/4	0.25	3/16	3/16	Chord	3/8	1	1	1/16		1/16	1	408							
46	46	137/2	137/2	0.5	1/4	1/4	Chord	3/8	1	1	1/8		1/8	1	409							
46	46	135/2	135/2	1.0	0	0	Chord	3/8	1	2	1/4		1/4	1	410							
46	46	137/2	137/2	0.25	1/4	1/4	Chord	3/8	1	2	1/16		1/16	1	411							
46	46	275/4	275/4	0.25	5/16	5/16	Chord	3/8	1	2	1/16		1/16	1	412							
46	46	135/2	135/2	0.25	0	0	Chord	3/8	2	1	1/16		1/16	1	413							
46	46	271/4	271/4	0.25	1/16	1/16	Chord	3/8	2	1	1/16		1/16	1	414							
46	46	68	68	1.0	1/8	1/8	Chord	3/8	2	1	1/4		1/4	1	415							
47	47	69	69	1.0	0	0	Chord	3/8	1	1	1/4		1/4	1	416							
47	47	70	70	0.25	1/4	1/4	Chord	3/8	1	1	1/16		1/16	1	417							
47	47	281/4	281/4	0.25	5/16	5/16	Chord	3/8	1	1	1/16		1/16	1	418							
47	47	69	69	0.75	0	0	Chord	3/8	1	2	3/16		1/8	3/2	419							
47	47	279/4	279/4	0.25	3/16	3/16	Chord	3/8	1	2	1/16		1/16	1	420							
47	47	70	70	0.5	1/4	1/4	Chord	3/8	1	2	1/8		1/8	1	421							
47	47	69	69	0.25	0	0	Chord	3/8	2	1	1/16		1/16	1	422							
47	47	277/4	277/4	0.25	1/16	1/16	Chord	3/8	2	1	1/16		1/16	1	423							
47	47	139/2	139/2	1.0	1/8	1/8	Chord	3/8	2	1	1/4		1/4	1	424	ornamentShortTrill						
48	48	141/2	141/2	0.75	0	0	Chord	3/8	1	1	3/16		1/8	3/2	425							
48	48	285/4	285/4	0.25	3/16	3/16	Chord	3/8	1	1	1/16		1/16	1	426							
48	48	143/2	143/2	0.5	1/4	1/4	Chord	3/8	1	1	1/8		1/8	1	427							
48	48	141/2	141/2	1.0	0	0	Chord	3/8	1	2	1/4		1/4	1	428							
48	48	143/2	143/2	0.25	1/4	1/4	Chord	3/8	1	2	1/16		1/16	1	429							
48	48	287/4	287/4	0.25	5/16	5/16	Chord	3/8	1	2	1/16		1/16	1	430							
48	48	141/2	141/2	0.25	0	0	Chord	3/8	2	1	1/16		1/16	1	431							
48	48	283/4	283/4	0.25	1/16	1/16	Chord	3/8	2	1	1/16		1/16	1	432							
48	48	71	71	1.0	1/8	1/8	Chord	3/8	2	1	1/4		1/4	1	433							
49	49	72	72	1.0	0	0	Chord	3/8	1	1	1/4		1/4	1	434							
49	49	73	73	0.25	1/4	1/4	Chord	3/8	1	1	1/16		1/16	1	435							
49	49	293/4	293/4	0.25	5/16	5/16	Chord	3/8	1	1	1/16		1/16	1	436							
49	49	72	72	0.75	0	0	Chord	3/8	1	2	3/16		1/8	3/2	437							
49	49	291/4	291/4	0.25	3/16	3/16	Chord	3/8	1	2	1/16		1/16	1	438							
49	49	73	73	0.5	1/4	1/4	Chord	3/8	1	2	1/8		1/8	1	439							
49	49	72	72	0.25	0	0	Chord	3/8	2	1	1/16		1/16	1	440							
49	49	289/4	289/4	0.25	1/16	1/16	Chord	3/8	2	1	1/16		1/16	1	441							
49	49	145/2	145/2	1.0	1/8	1/8	Chord	3/8	2	1	1/4		1/4	1	442	ornamentShortTrill						
50	50	147/2	147/2	0.75	0	0	Chord	3/8	1	1	3/16		1/8	3/2	443							
50	50	297/4	297/4	0.25	3/16	3/16	Chord	3/8	1	1	1/16		1/16	1	444							
50	50	149/2	149/2	0.5	1/4	1/4	Chord	3/8	1	1	1/8		1/8	1	445							
50	50	147/2	147/2	1.0	0	0	Chord	3/8	1	2	1/4		1/4	1	446							
50	50	149/2	149/2	0.25	1/4	1/4	Chord	3/8	1	2	1/16		1/16	1	447							
50	50	299/4	299/4	0.25	5/16	5/16	Chord	3/8	1	2	1/16		1/16	1	448							
50	50	147/2	147/2	0.25	0	0	Chord	3/8	2	1	1/16		1/16	1	449							
50	50	295/4	295/4	0.25	1/16	1/16	Chord	3/8	2	1	1/16		1/16	1	450							
50	50	74	74	1.0	1/8	1/8	Chord	3/8	2	1	1/4		1/4	1	451							
51	51	75	75	0.25	0	0	Chord	3/8	1	1	1/16		1/16	1	452							
51	51	301/4	301/4	0.25	1/16	1/16	Chord	3/8	1	1	1/16		1/16	1	453							
51	51	151/2	151/2	0.75	1/8	1/8	Chord	3/8	1	1	3/16		1/8	3/2	454							
51	51	305/4	305/4	0.25	5/16	5/16	Chord	3/8	1	1	1/16		1/16	1	455							
51	51	75	75	0.75	0	0	Chord	3/8	1	2	3/16		1/8	3/2	456							
51	51	303/4	303/4	0.25	3/16	3/16	Chord	3/8	1	2	1/16		1/16	1	457							
51	51	76	76	0.5	1/4	1/4	Chord	3/8	1	2	1/8		1/8	1	458							
51	51	75	75	1.0	0	0	Chord	3/8	2	1	1/4		1/4	1	459							
51	51	76	76	0.5	1/4	1/4	Chord	3/8	2	1	1/8		1/8	1	460							
52	52	153/2	153/2	0.25	0	0	Chord	3/8	1	1	1/16		1/16	1	461							12
52	52	307/4	307/4	0.25	1/16	1/16	Chord	3/8	1	1	1/16		1/16	1	462							
52	52	77	77	0.25	1/8	1/8	Chord	3/8	1	1	1/16		1/16	1	463							13
52	52	309/4	309/4	0.25	3/16	3/16	Chord	3/8	1	1	1/16		1/16	1	464							
52	52	155/2	155/2	0.25	1/4	1/4	Chord	3/8	1	1	1/16		1/16	1	465							14
52	52	311/4	311/4	0.25	5/16	5/16	Chord	3/8	1	1	1/16		1/16	1	466							
52	52	153/2	153/2	0.5	0	0	Chord	3/8	1	2	1/8		1/8	1	467							
52	52	153/2	153/2	0.5	0	0	Chord	3/8	2	1	1/8		1/8	1	468							
52	52	77	77	0.5	1/8	1/8	Chord	3/8	2	1	1/8		1/8	1	469							
52	52	155/2	155/2	0.5	1/4	1/4	Chord	3/8	2	1	1/8		1/8	1	470							
52	52	77	77	1.0	1/8	1/8	Chord	3/8	2	2	1/4		1/4	1	471							
53	53	78	78	0.0	0	0	Chord	3/8	1	1	0	appoggiatura	1/8	1	472							
53	53	78	78	0.25	0	0	Chord	3/8	1	1	1/16		1/16	1	473							
53	53	313/4	313/4	0.25	1/16	1/16	Chord	3/8	1	1	1/16		1/16	1	474							
53	53	157/2	157/2	0.25	1/8	1/8	Chord	3/8	1	1	1/16		1/16	1	475	ornamentShortTrill						
53	53	315/4	315/4	0.25	3/16	3/16	Chord	3/8	1	1	1/16		1/16	1	476							
53	53	79	79	0.5	1/4	1/4	Chord	3/8	1	1	1/8		1/8	1	477							
53	53	317/4	317/4	0.25	5/16	5/16	Chord	3/8	1	2	1/16		1/16	1	478							
53	53	78	78	1.0	0	0	Chord	3/8	2	1	1/4		1/4	1	479	ornamentShortTrill						
53	53	79	79	0.5	1/4	1/4	Chord	3/8	2	1	1/8		1/8	1	480							15
54	54	159/2	159/2	0.25	0	0	Chord	3/8	1	1	1/16		1/16	1	481							
54	54	319/4	319/4	0.25	1/16	1/16	Chord	3/8	1	1	1/16		1/16	1	482							
54	54	80	80	0.25	1/8	1/8	Chord	3/8	1	1	1/16		1/16	1	483							
54	54	321/4	321/4	0.25	3/16	3/16	Chord	3/8	1	1	1/16		1/16	1	484							
54	54	161/2	161/2	0.5	1/4	1/4	Chord	3/8	1	1	1/8		1/8	1	485							
54	54	159/2	159/2	1.0	0	0	Chord	3/8	1	2	1/4		1/4	1	486							
54	54	161/2	161/2	0.25	1/4	1/4	Chord	3/8	1	2	1/16		1/16	1	487							
54	54	323/4	323/4	0.125	5/16	5/16	Chord	3/8	1	2	1/32		1/32	1	488							
54	54	647/8	647/8	0.125	11/32	11/32	Chord	3/8	1	2	1/32		1/32	1	489							
54	54	159/2	159/2	1.0	0	0	Chord	3/8	2	1	1/4		1/4	1	490	articMarcatoAbove						
54	54	161/2	161/2	0.5	1/4	1/4	Chord	3/8	2	1	1/8		1/8	1	491	ornamentShortTrill						16
55	55	81	81	0.25	0	0	Chord	3/8	1	1	1/16		1/16	1	492							
55	55	325/4	325/4	0.25	1/16	1/16	Chord	3/8	1	1	1/16		1/16	1	493							
55	55	163/2	163/2	0.25	1/8	1/8	Chord	3/8	1	1	1/16		1/16	1	494							
55	55	327/4	327/4	0.25	3/16	3/16	Chord	3/8	1	1	1/16		1/16	1	495							
55	55	82	82	0.5	1/4	1/4	Chord	3/8	1	1	1/8		1/8	1	496							
55	55	81	81	1.0	0	0	Chord	3/8	1	2	1/4		1/4	1	497							
55	55	82	82	0.25	1/4	1/4	Chord	3/8	1	2	1/16		1/16	1	498							
55	55	329/4	329/4	0.125	5/16	5/16	Chord	3/8	1	2	1/32		1/32	1	499							
55	55	659/8	659/8	0.125	11/32	11/32	Chord	3/8	1	2	1/32		1/32	1	500							
55	55	81	81	1.0	0	0	Chord	3/8	2	1	1/4		1/4	1	501	articMarcatoAbove						
55	55	82	82	0.5	1/4	1/4	Chord	3/8	2	1	1/8		1/8	1	502	ornamentShortTrill						
56	56	165/2	165/2	0.25	0	0	Chord	3/8	1	1	1/16		1/16	1	503							
56	56	331/4	331/4	0.25	1/16	1/16	Chord	3/8	1	1	1/16		1/16	1	504							
56	56	83	83	0.25	1/8	1/8	Chord	3/8	1	1	1/16		1/16	1	505							
56	56	333/4	333/4	0.25	3/16	3/16	Chord	3/8	1	1	1/16		1/16	1	506							
56	56	167/2	167/2	0.25	1/4	1/4	Chord	3/8	1	1	1/16		1/16	1	507							
56	56	335/4	335/4	0.25	5/16	5/16	Chord	3/8	1	1	1/16		1/16	1	508							
56	56	165/2	165/2	0.25	0	0	Chord	3/8	1	2	1/16		1/16	1	509							
56	56	165/2	165/2	0.5	0	0	Chord	3/8	2	1	1/8		1/8	1	510							
56	56	83	83	0.5	1/8	1/8	Chord	3/8	2	1	1/8		1/8	1	511							
56	56	167/2	167/2	0.5	1/4	1/4	Chord	3/8	2	1	1/8		1/8	1	512							
56	56	165/2	165/2	1.0	0	0	Chord	3/8	2	2	1/4		1/4	1	513							
57	57	84	84	1.0	0	0	Chord	3/8	1	1	1/4		1/4	1	514							
57	57	85	85	0.25	1/4	1/4	Chord	3/8	1	1	1/16		1/16	1	515							
57	57	341/4	341/4	0.25	5/16	5/16	Chord	3/8	1	1	1/16		1/16	1	516							
57	57	84	84	0.25	0	0	Chord	3/8	1	2	1/16		1/16	1	517							
57	57	337/4	337/4	0.25	1/16	1/16	Chord	3/8	1	2	1/16		1/16	1	518							
57	57	169/2	169/2	0.25	1/8	1/8	Chord	3/8	1	2	1/16		1/16	1	519							
57	57	339/4	339/4	0.25	3/16	3/16	Chord	3/8	1	2	1/16		1/16	1	520							
57	57	85	85	0.5	1/4	1/4	Chord	3/8	1	2	1/8		1/8	1	521							
57	57	84	84	0.5	0	0	Chord	3/8	2	1	1/8		1/8	1	522							
57	57	169/2	169/2	1.0	1/8	1/8	Chord	3/8	2	1	1/4		1/4	1	523							
58	58	171/2	171/2	1.5	0	0	Chord	3/8	1	1	3/8		1/4	3/2	524							
58	58	343/4	343/4	0.25	1/16	1/16	Chord	3/8	1	2	1/16		1/16	1	525							
58	58	86	86	0.25	1/8	1/8	Chord	3/8	1	2	1/16		1/16	1	526							
58	58	345/4	345/4	0.25	3/16	3/16	Chord	3/8	1	2	1/16		1/16	1	527							
58	58	173/2	173/2	0.5	1/4	1/4	Chord	3/8	1	2	1/8		1/8	1	528							
58	58	86	86	1.0	1/8	1/8	Chord	3/8	1	3	1/4		1/4	1	529							
58	58	171/2	171/2	1.5	0	0	Chord	3/8	2	1	3/8		1/4	3/2	530	ornamentShortTrill						
58	58	171/2	171/2	1.0	0	0	Chord	3/8	2	2	1/4		1/4	1	531							
58	58	173/2	173/2	0.5	1/4	1/4	Chord	3/8	2	2	1/8		1/8	1	532							
59	59	87	87	1.5	0	0	Chord	3/8	1	1	3/8		1/4	3/2	533							
59	59	87	87	1.5	0	0	Chord	3/8	1	3	3/8		1/4	3/2	534							
59	59	87	87	1.5	0	0	Chord	3/8	2	1	3/8		1/4	3/2	535	ornamentShortTrill						
59	59	87	87	1.5	0	0	Chord	3/8	2	2	3/8		1/4	3/2	536							
